{"cameraMode":{"drawMode":0,"name":"Shaded","section":"Shading Mode"},"sceneLighting":false,"audioPlay":false,"sceneViewState":{"m_AlwaysRefresh":false,"showFog":true,"showSkybox":false,"showFlares":true,"showImageEffects":true,"showParticleSystems":true,"showVisualEffectGraphs":true,"m_FxEnabled":true},"in2DMode":false,"pivot":{"x":0.7121813297271729,"y":-2.501584053039551,"z":-0.46344757080078127},"rotation":{"x":0.4234907329082489,"y":-0.019021596759557725,"z":0.008894609287381173,"w":0.905657172203064},"size":4.370757102966309,"orthographic":false}