{"cameraMode":{"drawMode":0,"name":"Shaded","section":"Shading Mode"},"sceneLighting":false,"audioPlay":false,"sceneViewState":{"m_AlwaysRefresh":false,"showFog":true,"showSkybox":false,"showFlares":true,"showImageEffects":true,"showParticleSystems":true,"showVisualEffectGraphs":true,"m_FxEnabled":true},"in2DMode":false,"pivot":{"x":-4.76837158203125e-7,"y":-0.1969638168811798,"z":-0.000001430511474609375},"rotation":{"x":0.2897700071334839,"y":0.010050144977867604,"z":-0.0030399414245039226,"w":0.9570469260215759},"size":3.2858331203460695,"orthographic":false}