{"cameraMode":{"drawMode":0,"name":"Shaded","section":"Shading Mode"},"sceneLighting":false,"audioPlay":false,"sceneViewState":{"m_AlwaysRefresh":false,"showFog":true,"showSkybox":false,"showFlares":true,"showImageEffects":true,"showParticleSystems":true,"showVisualEffectGraphs":true,"m_FxEnabled":true},"in2DMode":false,"pivot":{"x":-0.000025272369384765625,"y":0.2890230417251587,"z":-0.00004363059997558594},"rotation":{"x":0.3575737476348877,"y":0.039208248257637027,"z":-0.015024975873529911,"w":0.9329603910446167},"size":5.254446983337402,"orthographic":false}