{"cameraMode":{"drawMode":0,"name":"Shaded","section":"Shading Mode"},"sceneLighting":false,"audioPlay":false,"sceneViewState":{"m_AlwaysRefresh":false,"showFog":true,"showSkybox":false,"showFlares":true,"showImageEffects":true,"showParticleSystems":true,"showVisualEffectGraphs":true,"m_FxEnabled":true},"in2DMode":false,"pivot":{"x":0.03608238697052002,"y":-0.097749263048172,"z":-0.2501973509788513},"rotation":{"x":0.5645912885665894,"y":-0.011141683906316758,"z":0.007622337434440851,"w":0.8252620697021484},"size":0.625800371170044,"orthographic":false}