{"cameraMode":{"drawMode":0,"name":"Shaded","section":"Shading Mode"},"sceneLighting":true,"audioPlay":false,"sceneViewState":{"m_AlwaysRefresh":false,"showFog":true,"showSkybox":true,"showFlares":true,"showImageEffects":true,"showParticleSystems":true,"showVisualEffectGraphs":true,"m_FxEnabled":true},"in2DMode":false,"pivot":{"x":7.4655256271362309,"y":-45.03831100463867,"z":62.48278045654297},"rotation":{"x":0.3575737476348877,"y":0.039208248257637027,"z":-0.015024975873529911,"w":0.9329603910446167},"size":63.059837341308597,"orthographic":false}