{"cameraMode":{"drawMode":0,"name":"Shaded","section":"Shading Mode"},"sceneLighting":false,"audioPlay":false,"sceneViewState":{"m_AlwaysRefresh":false,"showFog":true,"showSkybox":false,"showFlares":true,"showImageEffects":true,"showParticleSystems":true,"showVisualEffectGraphs":true,"m_FxEnabled":true},"in2DMode":false,"pivot":{"x":1.5534981489181519,"y":-1.6739678382873536,"z":-0.508598804473877},"rotation":{"x":0.6178513169288635,"y":-0.011780562810599804,"z":0.00928816944360733,"w":0.786311686038971},"size":3.9244801998138429,"orthographic":false}