{"cameraMode":{"drawMode":0,"name":"Shaded","section":"Shading Mode"},"sceneLighting":false,"audioPlay":false,"sceneViewState":{"m_AlwaysRefresh":false,"showFog":true,"showSkybox":false,"showFlares":true,"showImageEffects":true,"showParticleSystems":true,"showVisualEffectGraphs":true,"m_FxEnabled":true},"in2DMode":false,"pivot":{"x":0.000057220458984375,"y":-0.19971199333667756,"z":-0.00009918212890625},"rotation":{"x":0.28692522644996645,"y":0.004316890146583319,"z":-0.001271602464839816,"w":0.9580169320106506},"size":5.210033893585205,"orthographic":false}