{"cameraMode":{"drawMode":0,"name":"Shaded","section":"Shading Mode"},"sceneLighting":false,"audioPlay":false,"sceneViewState":{"m_AlwaysRefresh":false,"showFog":true,"showSkybox":false,"showFlares":true,"showImageEffects":true,"showParticleSystems":true,"showVisualEffectGraphs":true,"m_FxEnabled":true},"in2DMode":false,"pivot":{"x":-0.000025272369384765625,"y":0.47457945346832278,"z":-0.00004363059997558594},"rotation":{"x":0.5684744715690613,"y":-0.06645925343036652,"z":0.046153705567121509,"w":0.818752646446228},"size":5.283088684082031,"orthographic":false}