{"cameraMode":{"drawMode":0,"name":"Shaded","section":"Shading Mode"},"sceneLighting":false,"audioPlay":false,"sceneViewState":{"m_AlwaysRefresh":false,"showFog":true,"showSkybox":false,"showFlares":true,"showImageEffects":true,"showParticleSystems":true,"showVisualEffectGraphs":true,"m_FxEnabled":true},"in2DMode":false,"pivot":{"x":0.027759075164794923,"y":0.7934183478355408,"z":-0.13313829898834229},"rotation":{"x":0.49216800928115847,"y":-0.12583990395069123,"z":0.07207576930522919,"w":0.8585836291313171},"size":3.6847660541534426,"orthographic":false}