{"cameraMode":{"drawMode":0,"name":"Shaded","section":"Shading Mode"},"sceneLighting":false,"audioPlay":false,"sceneViewState":{"m_AlwaysRefresh":false,"showFog":true,"showSkybox":false,"showFlares":true,"showImageEffects":true,"showParticleSystems":true,"showVisualEffectGraphs":true,"m_FxEnabled":true},"in2DMode":false,"pivot":{"x":-0.744744062423706,"y":0.0038147165905684234,"z":1.1855772733688355},"rotation":{"x":0.5251763463020325,"y":-0.001271876972168684,"z":0.000794127699919045,"w":0.8510302901268005},"size":3.9640698432922365,"orthographic":false}