{"cameraMode":{"drawMode":0,"name":"Shaded","section":"Shading Mode"},"sceneLighting":false,"audioPlay":false,"sceneViewState":{"m_AlwaysRefresh":false,"showFog":true,"showSkybox":false,"showFlares":true,"showImageEffects":true,"showParticleSystems":true,"showVisualEffectGraphs":true,"m_FxEnabled":true},"in2DMode":false,"pivot":{"x":0.7875710725784302,"y":-0.6312705278396606,"z":1.6171077489852906},"rotation":{"x":-0.574458658695221,"y":0.015190169215202332,"z":-0.010718128643929959,"w":-0.8184391856193543},"size":4.395799160003662,"orthographic":false}