{"cameraMode":{"drawMode":0,"name":"Shaded","section":"Shading Mode"},"sceneLighting":false,"audioPlay":false,"sceneViewState":{"m_AlwaysRefresh":false,"showFog":true,"showSkybox":false,"showFlares":true,"showImageEffects":true,"showParticleSystems":true,"showVisualEffectGraphs":true,"m_FxEnabled":true},"in2DMode":false,"pivot":{"x":0.10010088980197907,"y":-0.05200854688882828,"z":-0.7384868264198303},"rotation":{"x":0.5768848061561585,"y":-0.018370239064097406,"z":0.012997332960367203,"w":0.8166744709014893},"size":5.282474994659424,"orthographic":false}