{"cameraMode":{"drawMode":0,"name":"Shaded","section":"Shading Mode"},"sceneLighting":false,"audioPlay":false,"sceneViewState":{"m_AlwaysRefresh":false,"showFog":true,"showSkybox":false,"showFlares":true,"showImageEffects":true,"showParticleSystems":true,"showVisualEffectGraphs":true,"m_FxEnabled":true},"in2DMode":false,"pivot":{"x":-0.000025272369384765625,"y":0.6755086183547974,"z":-0.00004363059997558594},"rotation":{"x":0.4908343553543091,"y":0.011776778846979142,"z":-0.006602606736123562,"w":0.8713507652282715},"size":5.321231365203857,"orthographic":false}