{"cameraMode":{"drawMode":0,"name":"Shaded","section":"Shading Mode"},"sceneLighting":false,"audioPlay":false,"sceneViewState":{"m_AlwaysRefresh":false,"showFog":true,"showSkybox":false,"showFlares":true,"showImageEffects":true,"showParticleSystems":true,"showVisualEffectGraphs":true,"m_FxEnabled":true},"in2DMode":false,"pivot":{"x":0.000025272369384765625,"y":0.4709923267364502,"z":-0.00004363059997558594},"rotation":{"x":0.5084195733070374,"y":0.04260934889316559,"z":-0.025167260318994523,"w":0.8598329424858093},"size":5.282474994659424,"orthographic":false}