{"cameraMode":{"drawMode":0,"name":"Shaded","section":"Shading Mode"},"sceneLighting":false,"audioPlay":false,"sceneViewState":{"m_AlwaysRefresh":false,"showFog":true,"showSkybox":false,"showFlares":true,"showImageEffects":true,"showParticleSystems":true,"showVisualEffectGraphs":true,"m_FxEnabled":true},"in2DMode":false,"pivot":{"x":1.0713452100753785,"y":-0.2595410645008087,"z":0.33501824736595156},"rotation":{"x":0.5862492322921753,"y":-0.003636391367763281,"z":0.0026515263598412277,"w":0.8101637363433838},"size":3.9640698432922365,"orthographic":false}