{"cameraMode":{"drawMode":0,"name":"Shaded","section":"Shading Mode"},"sceneLighting":false,"audioPlay":false,"sceneViewState":{"m_AlwaysRefresh":false,"showFog":true,"showSkybox":false,"showFlares":true,"showImageEffects":true,"showParticleSystems":true,"showVisualEffectGraphs":true,"m_FxEnabled":true},"in2DMode":false,"pivot":{"x":0.000057220458984375,"y":-0.19234749674797059,"z":-0.00009918212890625},"rotation":{"x":0.45247018337249758,"y":-0.0013342454330995679,"z":0.000685833627358079,"w":0.8918601870536804},"size":5.210366725921631,"orthographic":false}