{"cameraMode":{"drawMode":0,"name":"Shaded","section":"Shading Mode"},"sceneLighting":false,"audioPlay":false,"sceneViewState":{"m_AlwaysRefresh":false,"showFog":true,"showSkybox":false,"showFlares":true,"showImageEffects":true,"showParticleSystems":true,"showVisualEffectGraphs":true,"m_FxEnabled":true},"in2DMode":false,"pivot":{"x":-0.000025272369384765625,"y":-0.1443948745727539,"z":-0.00004363059997558594},"rotation":{"x":0.5645912885665894,"y":-0.011141683906316758,"z":0.007622337434440851,"w":0.8252620697021484},"size":5.21272611618042,"orthographic":false}