{"cameraMode":{"drawMode":0,"name":"Shaded","section":"Shading Mode"},"sceneLighting":false,"audioPlay":false,"sceneViewState":{"m_AlwaysRefresh":false,"showFog":true,"showSkybox":false,"showFlares":true,"showImageEffects":true,"showParticleSystems":true,"showVisualEffectGraphs":true,"m_FxEnabled":true},"in2DMode":false,"pivot":{"x":0.20804527401924134,"y":-3.8291025161743166,"z":2.7223055362701418},"rotation":{"x":0.4822080135345459,"y":-0.02627338469028473,"z":0.01447348389774561,"w":0.8755820393562317},"size":5.321231365203857,"orthographic":false}