{"cameraMode":{"drawMode":0,"name":"Shaded","section":"Shading Mode"},"sceneLighting":false,"audioPlay":false,"sceneViewState":{"m_AlwaysRefresh":false,"showFog":true,"showSkybox":false,"showFlares":true,"showImageEffects":true,"showParticleSystems":true,"showVisualEffectGraphs":true,"m_FxEnabled":true},"in2DMode":false,"pivot":{"x":-1.1152650117874146,"y":-3.8051486015319826,"z":3.09500789642334},"rotation":{"x":0.4672245681285858,"y":-0.047700755298137668,"z":0.025257956236600877,"w":0.8825276494026184},"size":5.321231365203857,"orthographic":false}