{"cameraMode":{"drawMode":0,"name":"Shaded","section":"Shading Mode"},"sceneLighting":false,"audioPlay":false,"sceneViewState":{"m_AlwaysRefresh":false,"showFog":true,"showSkybox":false,"showFlares":true,"showImageEffects":true,"showParticleSystems":true,"showVisualEffectGraphs":true,"m_FxEnabled":true},"in2DMode":false,"pivot":{"x":-0.000025272369384765625,"y":0.5877095460891724,"z":-0.00004363059997558594},"rotation":{"x":0.4779522120952606,"y":-0.05921372398734093,"z":0.032312508672475818,"w":0.8759341239929199},"size":5.303661823272705,"orthographic":false}