{"cameraMode":{"drawMode":0,"name":"Shaded","section":"Shading Mode"},"sceneLighting":false,"audioPlay":false,"sceneViewState":{"m_AlwaysRefresh":false,"showFog":true,"showSkybox":false,"showFlares":true,"showImageEffects":true,"showParticleSystems":true,"showVisualEffectGraphs":true,"m_FxEnabled":true},"in2DMode":false,"pivot":{"x":0.004494369029998779,"y":0.3328642249107361,"z":0.003992438316345215},"rotation":{"x":0.22917665541172028,"y":0.7270395159721375,"z":-0.2868771553039551,"w":0.5804678201675415},"size":0.7321668863296509,"orthographic":false}