{"cameraMode":{"drawMode":0,"name":"Shaded","section":"Shading Mode"},"sceneLighting":false,"audioPlay":false,"sceneViewState":{"m_AlwaysRefresh":false,"showFog":true,"showSkybox":false,"showFlares":true,"showImageEffects":true,"showParticleSystems":true,"showVisualEffectGraphs":true,"m_FxEnabled":true},"in2DMode":false,"pivot":{"x":-0.0001201629638671875,"y":-0.19408339262008668,"z":-0.00020813941955566406},"rotation":{"x":0.5084789991378784,"y":-0.04134223610162735,"z":0.024370603263378145,"w":0.8599261045455933},"size":5.210538387298584,"orthographic":false}