{"cameraMode":{"drawMode":0,"name":"Shaded","section":"Shading Mode"},"sceneLighting":false,"audioPlay":false,"sceneViewState":{"m_AlwaysRefresh":false,"showFog":true,"showSkybox":false,"showFlares":true,"showImageEffects":true,"showParticleSystems":true,"showVisualEffectGraphs":true,"m_FxEnabled":true},"in2DMode":false,"pivot":{"x":-0.000025272369384765625,"y":0.04541081190109253,"z":-0.00004363059997558594},"rotation":{"x":0.41790899634361269,"y":-0.035407908260822299,"z":0.01634114608168602,"w":0.9078643918037415},"size":5.226615905761719,"orthographic":false}