{"cameraMode":{"drawMode":0,"name":"Shaded","section":"Shading Mode"},"sceneLighting":false,"audioPlay":false,"sceneViewState":{"m_AlwaysRefresh":false,"showFog":true,"showSkybox":false,"showFlares":true,"showImageEffects":true,"showParticleSystems":true,"showVisualEffectGraphs":true,"m_FxEnabled":true},"in2DMode":false,"pivot":{"x":9.999977111816407,"y":-0.19408339262008668,"z":-17.99995994567871},"rotation":{"x":0.2897700071334839,"y":0.010050144977867604,"z":-0.0030399414245039226,"w":0.9570469260215759},"size":5.210351943969727,"orthographic":false}